starttime	seconds	ctime	dtime	ttime	wait
Thu Jun 25 12:59:39 2020	1593082779	5	8	13	6
Thu Jun 25 12:59:38 2020	1593082778	6	8	13	7
Thu Jun 25 12:59:39 2020	1593082779	5	9	14	8
Thu Jun 25 12:59:39 2020	1593082779	6	8	14	8
Thu Jun 25 12:59:38 2020	1593082778	6	8	14	7
Thu Jun 25 12:59:37 2020	1593082777	6	8	14	7
Thu Jun 25 12:59:38 2020	1593082778	6	8	14	8
Thu Jun 25 12:59:37 2020	1593082777	7	8	14	7
Thu Jun 25 12:59:41 2020	1593082781	7	8	15	7
Thu Jun 25 12:59:39 2020	1593082779	5	10	15	10
Thu Jun 25 12:59:37 2020	1593082777	7	9	15	6
Thu Jun 25 12:59:41 2020	1593082781	7	8	15	7
Thu Jun 25 12:59:36 2020	1593082776	5	10	15	9
Thu Jun 25 12:59:39 2020	1593082779	7	9	15	7
Thu Jun 25 12:59:35 2020	1593082775	5	10	15	10
Thu Jun 25 12:59:40 2020	1593082780	4	11	16	7
Thu Jun 25 12:59:41 2020	1593082781	5	10	16	9
Thu Jun 25 12:59:36 2020	1593082776	6	9	16	8
Thu Jun 25 12:59:36 2020	1593082776	7	9	16	9
Thu Jun 25 12:59:35 2020	1593082775	4	11	16	7
Thu Jun 25 12:59:36 2020	1593082776	8	8	16	8
Thu Jun 25 12:59:40 2020	1593082780	6	10	16	8
Thu Jun 25 12:59:38 2020	1593082778	6	10	16	10
Thu Jun 25 12:59:40 2020	1593082780	8	8	16	5
Thu Jun 25 12:59:38 2020	1593082778	8	8	16	8
Thu Jun 25 12:59:41 2020	1593082781	10	6	16	5
Thu Jun 25 12:59:41 2020	1593082781	5	11	16	11
Thu Jun 25 12:59:40 2020	1593082780	9	8	16	8
Thu Jun 25 12:59:36 2020	1593082776	7	9	16	8
Thu Jun 25 12:59:40 2020	1593082780	6	10	16	9
Thu Jun 25 12:59:37 2020	1593082777	7	9	16	7
Thu Jun 25 12:59:40 2020	1593082780	5	11	16	9
Thu Jun 25 12:59:37 2020	1593082777	7	9	16	7
Thu Jun 25 12:59:41 2020	1593082781	4	12	16	12
Thu Jun 25 12:59:39 2020	1593082779	7	10	16	8
Thu Jun 25 12:59:36 2020	1593082776	4	12	16	9
Thu Jun 25 12:59:39 2020	1593082779	6	11	17	8
Thu Jun 25 12:59:38 2020	1593082778	8	9	17	7
Thu Jun 25 12:59:36 2020	1593082776	6	11	17	8
Thu Jun 25 12:59:41 2020	1593082781	8	8	17	8
Thu Jun 25 12:59:39 2020	1593082779	7	10	17	7
Thu Jun 25 12:59:37 2020	1593082777	6	11	17	7
Thu Jun 25 12:59:39 2020	1593082779	8	9	17	8
Thu Jun 25 12:59:36 2020	1593082776	8	9	17	7
Thu Jun 25 12:59:40 2020	1593082780	7	10	17	9
Thu Jun 25 12:59:38 2020	1593082778	5	12	17	12
Thu Jun 25 12:59:40 2020	1593082780	5	12	17	12
Thu Jun 25 12:59:41 2020	1593082781	7	10	17	10
Thu Jun 25 12:59:41 2020	1593082781	8	9	17	9
Thu Jun 25 12:59:36 2020	1593082776	4	13	17	12
Thu Jun 25 12:59:36 2020	1593082776	6	11	17	7
Thu Jun 25 12:59:39 2020	1593082779	6	11	17	9
Thu Jun 25 12:59:41 2020	1593082781	10	7	17	5
Thu Jun 25 12:59:36 2020	1593082776	8	10	17	8
Thu Jun 25 12:59:39 2020	1593082779	6	11	17	7
Thu Jun 25 12:59:36 2020	1593082776	7	10	17	10
Thu Jun 25 12:59:36 2020	1593082776	7	10	17	8
Thu Jun 25 12:59:40 2020	1593082780	7	10	17	6
Thu Jun 25 12:59:35 2020	1593082775	5	12	17	11
Thu Jun 25 12:59:38 2020	1593082778	6	11	17	10
Thu Jun 25 12:59:41 2020	1593082781	10	7	17	7
Thu Jun 25 12:59:36 2020	1593082776	6	11	17	11
Thu Jun 25 12:59:36 2020	1593082776	5	12	17	10
Thu Jun 25 12:59:40 2020	1593082780	6	12	17	10
Thu Jun 25 12:59:39 2020	1593082779	5	12	17	11
Thu Jun 25 12:59:36 2020	1593082776	7	11	18	10
Thu Jun 25 12:59:35 2020	1593082775	7	11	18	10
Thu Jun 25 12:59:39 2020	1593082779	11	7	18	6
Thu Jun 25 12:59:36 2020	1593082776	7	11	18	7
Thu Jun 25 12:59:40 2020	1593082780	7	11	18	11
Thu Jun 25 12:59:38 2020	1593082778	8	10	18	7
Thu Jun 25 12:59:41 2020	1593082781	7	11	18	10
Thu Jun 25 12:59:35 2020	1593082775	7	10	18	10
Thu Jun 25 12:59:38 2020	1593082778	7	10	18	7
Thu Jun 25 12:59:40 2020	1593082780	8	10	18	7
Thu Jun 25 12:59:41 2020	1593082781	7	11	18	10
Thu Jun 25 12:59:38 2020	1593082778	8	10	18	6
Thu Jun 25 12:59:37 2020	1593082777	7	11	18	8
Thu Jun 25 12:59:37 2020	1593082777	8	10	18	8
Thu Jun 25 12:59:40 2020	1593082780	5	13	18	12
Thu Jun 25 12:59:35 2020	1593082775	7	11	18	11
Thu Jun 25 12:59:36 2020	1593082776	5	13	18	11
Thu Jun 25 12:59:41 2020	1593082781	9	9	18	9
Thu Jun 25 12:59:37 2020	1593082777	8	10	18	8
Thu Jun 25 12:59:37 2020	1593082777	8	10	18	8
Thu Jun 25 12:59:37 2020	1593082777	7	11	18	7
Thu Jun 25 12:59:38 2020	1593082778	5	13	18	10
Thu Jun 25 12:59:40 2020	1593082780	7	11	18	10
Thu Jun 25 12:59:41 2020	1593082781	8	11	18	8
Thu Jun 25 12:59:36 2020	1593082776	5	13	18	11
Thu Jun 25 12:59:39 2020	1593082779	5	14	18	8
Thu Jun 25 12:59:39 2020	1593082779	7	12	19	12
Thu Jun 25 12:59:36 2020	1593082776	9	9	19	8
Thu Jun 25 12:59:41 2020	1593082781	5	14	19	13
Thu Jun 25 12:59:36 2020	1593082776	8	11	19	9
Thu Jun 25 12:59:41 2020	1593082781	7	11	19	11
Thu Jun 25 12:59:38 2020	1593082778	5	14	19	6
Thu Jun 25 12:59:40 2020	1593082780	5	14	19	9
Thu Jun 25 12:59:41 2020	1593082781	6	13	19	12
Thu Jun 25 12:59:40 2020	1593082780	9	10	19	7
Thu Jun 25 12:59:40 2020	1593082780	6	13	19	7
Thu Jun 25 12:59:38 2020	1593082778	5	14	19	8
Thu Jun 25 12:59:36 2020	1593082776	7	11	19	10
Thu Jun 25 12:59:40 2020	1593082780	6	13	19	11
Thu Jun 25 12:59:36 2020	1593082776	6	13	19	12
Thu Jun 25 12:59:39 2020	1593082779	8	10	19	9
Thu Jun 25 12:59:36 2020	1593082776	9	10	19	9
Thu Jun 25 12:59:38 2020	1593082778	6	13	19	12
Thu Jun 25 12:59:36 2020	1593082776	7	12	19	10
Thu Jun 25 12:59:40 2020	1593082780	7	12	19	12
Thu Jun 25 12:59:41 2020	1593082781	11	8	19	6
Thu Jun 25 12:59:39 2020	1593082779	11	8	19	8
Thu Jun 25 12:59:41 2020	1593082781	8	11	19	9
Thu Jun 25 12:59:38 2020	1593082778	7	12	19	10
Thu Jun 25 12:59:37 2020	1593082777	8	11	19	8
Thu Jun 25 12:59:40 2020	1593082780	6	13	19	12
Thu Jun 25 12:59:35 2020	1593082775	11	8	19	7
Thu Jun 25 12:59:36 2020	1593082776	6	13	19	9
Thu Jun 25 12:59:39 2020	1593082779	7	12	19	11
Thu Jun 25 12:59:35 2020	1593082775	9	10	19	9
Thu Jun 25 12:59:36 2020	1593082776	9	10	19	7
Thu Jun 25 12:59:40 2020	1593082780	10	10	19	9
Thu Jun 25 12:59:39 2020	1593082779	5	14	19	14
Thu Jun 25 12:59:41 2020	1593082781	10	9	19	8
Thu Jun 25 12:59:39 2020	1593082779	7	12	19	12
Thu Jun 25 12:59:37 2020	1593082777	7	13	19	11
Thu Jun 25 12:59:35 2020	1593082775	8	11	19	10
Thu Jun 25 12:59:36 2020	1593082776	5	14	19	13
Thu Jun 25 12:59:37 2020	1593082777	6	13	19	7
Thu Jun 25 12:59:39 2020	1593082779	7	12	19	11
Thu Jun 25 12:59:38 2020	1593082778	7	12	19	12
Thu Jun 25 12:59:36 2020	1593082776	12	7	19	5
Thu Jun 25 12:59:35 2020	1593082775	7	13	19	11
Thu Jun 25 12:59:38 2020	1593082778	9	10	19	10
Thu Jun 25 12:59:40 2020	1593082780	9	10	19	8
Thu Jun 25 12:59:38 2020	1593082778	5	15	19	15
Thu Jun 25 12:59:40 2020	1593082780	9	11	20	10
Thu Jun 25 12:59:39 2020	1593082779	6	14	20	12
Thu Jun 25 12:59:40 2020	1593082780	9	11	20	10
Thu Jun 25 12:59:35 2020	1593082775	8	12	20	12
Thu Jun 25 12:59:41 2020	1593082781	10	9	20	7
Thu Jun 25 12:59:40 2020	1593082780	8	11	20	11
Thu Jun 25 12:59:38 2020	1593082778	11	9	20	9
Thu Jun 25 12:59:40 2020	1593082780	9	11	20	11
Thu Jun 25 12:59:36 2020	1593082776	9	11	20	11
Thu Jun 25 12:59:39 2020	1593082779	7	13	20	13
Thu Jun 25 12:59:35 2020	1593082775	4	15	20	15
Thu Jun 25 12:59:36 2020	1593082776	10	10	20	10
Thu Jun 25 12:59:38 2020	1593082778	8	12	20	8
Thu Jun 25 12:59:36 2020	1593082776	7	13	20	11
Thu Jun 25 12:59:40 2020	1593082780	6	14	20	13
Thu Jun 25 12:59:38 2020	1593082778	9	10	20	9
Thu Jun 25 12:59:38 2020	1593082778	5	15	20	13
Thu Jun 25 12:59:38 2020	1593082778	8	12	20	11
Thu Jun 25 12:59:38 2020	1593082778	8	12	20	11
Thu Jun 25 12:59:35 2020	1593082775	11	9	20	7
Thu Jun 25 12:59:36 2020	1593082776	8	12	20	10
Thu Jun 25 12:59:39 2020	1593082779	6	14	20	14
Thu Jun 25 12:59:39 2020	1593082779	6	14	20	11
Thu Jun 25 12:59:39 2020	1593082779	7	13	20	8
Thu Jun 25 12:59:36 2020	1593082776	8	12	20	6
Thu Jun 25 12:59:36 2020	1593082776	8	12	20	6
Thu Jun 25 12:59:40 2020	1593082780	11	9	20	9
Thu Jun 25 12:59:40 2020	1593082780	7	13	20	12
Thu Jun 25 12:59:41 2020	1593082781	11	9	20	8
Thu Jun 25 12:59:38 2020	1593082778	5	15	20	14
Thu Jun 25 12:59:35 2020	1593082775	10	10	20	8
Thu Jun 25 12:59:41 2020	1593082781	9	11	20	10
Thu Jun 25 12:59:40 2020	1593082780	6	14	20	12
Thu Jun 25 12:59:38 2020	1593082778	5	15	20	8
Thu Jun 25 12:59:36 2020	1593082776	7	13	20	7
Thu Jun 25 12:59:40 2020	1593082780	5	16	20	12
Thu Jun 25 12:59:40 2020	1593082780	8	12	20	12
Thu Jun 25 12:59:36 2020	1593082776	5	15	20	13
Thu Jun 25 12:59:36 2020	1593082776	8	12	20	11
Thu Jun 25 12:59:41 2020	1593082781	9	11	20	10
Thu Jun 25 12:59:38 2020	1593082778	8	13	20	13
Thu Jun 25 12:59:38 2020	1593082778	9	12	20	10
Thu Jun 25 12:59:41 2020	1593082781	12	9	20	9
Thu Jun 25 12:59:39 2020	1593082779	8	13	20	12
Thu Jun 25 12:59:41 2020	1593082781	9	12	20	11
Thu Jun 25 12:59:41 2020	1593082781	10	11	20	9
Thu Jun 25 12:59:38 2020	1593082778	10	11	20	11
Thu Jun 25 12:59:40 2020	1593082780	8	13	20	12
Thu Jun 25 12:59:35 2020	1593082775	8	13	20	8
Thu Jun 25 12:59:39 2020	1593082779	9	11	20	10
Thu Jun 25 12:59:41 2020	1593082781	8	12	20	12
Thu Jun 25 12:59:41 2020	1593082781	6	14	21	9
Thu Jun 25 12:59:39 2020	1593082779	11	9	21	9
Thu Jun 25 12:59:38 2020	1593082778	8	12	21	11
Thu Jun 25 12:59:38 2020	1593082778	8	12	21	12
Thu Jun 25 12:59:38 2020	1593082778	6	14	21	14
Thu Jun 25 12:59:41 2020	1593082781	8	13	21	12
Thu Jun 25 12:59:39 2020	1593082779	9	11	21	9
Thu Jun 25 12:59:41 2020	1593082781	9	12	21	11
Thu Jun 25 12:59:39 2020	1593082779	6	15	21	14
Thu Jun 25 12:59:39 2020	1593082779	7	14	21	14
Thu Jun 25 12:59:37 2020	1593082777	12	9	21	7
Thu Jun 25 12:59:38 2020	1593082778	8	13	21	12
Thu Jun 25 12:59:36 2020	1593082776	14	7	21	6
Thu Jun 25 12:59:40 2020	1593082780	10	11	21	10
Thu Jun 25 12:59:36 2020	1593082776	9	12	21	11
Thu Jun 25 12:59:36 2020	1593082776	9	12	21	8
Thu Jun 25 12:59:35 2020	1593082775	5	16	21	15
Thu Jun 25 12:59:36 2020	1593082776	9	12	21	9
Thu Jun 25 12:59:41 2020	1593082781	10	11	21	11
Thu Jun 25 12:59:40 2020	1593082780	8	13	21	12
Thu Jun 25 12:59:38 2020	1593082778	9	12	21	11
Thu Jun 25 12:59:36 2020	1593082776	7	14	21	13
Thu Jun 25 12:59:38 2020	1593082778	7	14	21	12
Thu Jun 25 12:59:39 2020	1593082779	9	13	21	12
Thu Jun 25 12:59:38 2020	1593082778	8	13	21	11
Thu Jun 25 12:59:39 2020	1593082779	8	13	21	13
Thu Jun 25 12:59:40 2020	1593082780	12	9	21	9
Thu Jun 25 12:59:38 2020	1593082778	6	15	21	15
Thu Jun 25 12:59:40 2020	1593082780	9	12	21	12
Thu Jun 25 12:59:41 2020	1593082781	12	10	21	7
Thu Jun 25 12:59:38 2020	1593082778	10	11	21	11
Thu Jun 25 12:59:39 2020	1593082779	8	14	21	12
Thu Jun 25 12:59:36 2020	1593082776	7	14	21	13
Thu Jun 25 12:59:38 2020	1593082778	9	12	21	8
Thu Jun 25 12:59:39 2020	1593082779	5	16	21	7
Thu Jun 25 12:59:41 2020	1593082781	8	14	21	13
Thu Jun 25 12:59:41 2020	1593082781	8	13	21	13
Thu Jun 25 12:59:39 2020	1593082779	13	9	21	8
Thu Jun 25 12:59:41 2020	1593082781	8	13	21	13
Thu Jun 25 12:59:36 2020	1593082776	7	14	21	14
Thu Jun 25 12:59:36 2020	1593082776	13	9	21	7
Thu Jun 25 12:59:39 2020	1593082779	8	14	21	14
Thu Jun 25 12:59:39 2020	1593082779	7	14	21	14
Thu Jun 25 12:59:41 2020	1593082781	12	10	21	10
Thu Jun 25 12:59:36 2020	1593082776	7	14	21	14
Thu Jun 25 12:59:38 2020	1593082778	10	12	21	10
Thu Jun 25 12:59:38 2020	1593082778	11	11	21	8
Thu Jun 25 12:59:40 2020	1593082780	7	14	21	11
Thu Jun 25 12:59:41 2020	1593082781	12	9	21	8
Thu Jun 25 12:59:40 2020	1593082780	6	15	21	10
Thu Jun 25 12:59:39 2020	1593082779	6	16	22	11
Thu Jun 25 12:59:38 2020	1593082778	9	13	22	10
Thu Jun 25 12:59:36 2020	1593082776	9	13	22	13
Thu Jun 25 12:59:38 2020	1593082778	10	12	22	11
Thu Jun 25 12:59:36 2020	1593082776	11	11	22	10
Thu Jun 25 12:59:36 2020	1593082776	12	10	22	8
Thu Jun 25 12:59:39 2020	1593082779	9	12	22	9
Thu Jun 25 12:59:39 2020	1593082779	7	14	22	14
Thu Jun 25 12:59:40 2020	1593082780	13	8	22	8
Thu Jun 25 12:59:36 2020	1593082776	8	13	22	11
Thu Jun 25 12:59:38 2020	1593082778	9	12	22	12
Thu Jun 25 12:59:39 2020	1593082779	8	13	22	13
Thu Jun 25 12:59:41 2020	1593082781	11	11	22	7
Thu Jun 25 12:59:38 2020	1593082778	11	11	22	11
Thu Jun 25 12:59:39 2020	1593082779	11	10	22	10
Thu Jun 25 12:59:36 2020	1593082776	9	13	22	9
Thu Jun 25 12:59:36 2020	1593082776	8	14	22	14
Thu Jun 25 12:59:38 2020	1593082778	10	12	22	8
Thu Jun 25 12:59:36 2020	1593082776	7	14	22	14
Thu Jun 25 12:59:36 2020	1593082776	11	11	22	10
Thu Jun 25 12:59:36 2020	1593082776	11	11	22	10
Thu Jun 25 12:59:37 2020	1593082777	6	15	22	15
Thu Jun 25 12:59:39 2020	1593082779	13	9	22	9
Thu Jun 25 12:59:37 2020	1593082777	12	10	22	10
Thu Jun 25 12:59:40 2020	1593082780	6	16	22	16
Thu Jun 25 12:59:36 2020	1593082776	10	12	22	12
Thu Jun 25 12:59:38 2020	1593082778	9	12	22	11
Thu Jun 25 12:59:38 2020	1593082778	7	15	22	13
Thu Jun 25 12:59:41 2020	1593082781	11	11	22	7
Thu Jun 25 12:59:41 2020	1593082781	8	14	22	11
Thu Jun 25 12:59:41 2020	1593082781	8	14	22	10
Thu Jun 25 12:59:35 2020	1593082775	15	7	22	5
Thu Jun 25 12:59:38 2020	1593082778	6	16	22	16
Thu Jun 25 12:59:38 2020	1593082778	7	15	22	14
Thu Jun 25 12:59:38 2020	1593082778	10	12	22	12
Thu Jun 25 12:59:36 2020	1593082776	9	13	22	8
Thu Jun 25 12:59:41 2020	1593082781	9	13	22	9
Thu Jun 25 12:59:41 2020	1593082781	11	11	22	10
Thu Jun 25 12:59:39 2020	1593082779	7	15	22	14
Thu Jun 25 12:59:36 2020	1593082776	14	8	22	6
Thu Jun 25 12:59:37 2020	1593082777	12	10	22	8
Thu Jun 25 12:59:35 2020	1593082775	10	12	22	12
Thu Jun 25 12:59:39 2020	1593082779	10	12	22	10
Thu Jun 25 12:59:36 2020	1593082776	8	14	22	12
Thu Jun 25 12:59:38 2020	1593082778	14	8	22	7
Thu Jun 25 12:59:40 2020	1593082780	8	14	22	14
Thu Jun 25 12:59:36 2020	1593082776	11	11	22	11
Thu Jun 25 12:59:36 2020	1593082776	9	13	22	12
Thu Jun 25 12:59:36 2020	1593082776	14	8	22	7
Thu Jun 25 12:59:36 2020	1593082776	7	15	22	14
Thu Jun 25 12:59:40 2020	1593082780	11	11	22	7
Thu Jun 25 12:59:40 2020	1593082780	7	15	22	15
Thu Jun 25 12:59:41 2020	1593082781	9	13	22	8
Thu Jun 25 12:59:40 2020	1593082780	5	17	22	17
Thu Jun 25 12:59:36 2020	1593082776	6	16	22	16
Thu Jun 25 12:59:41 2020	1593082781	10	12	22	11
Thu Jun 25 12:59:38 2020	1593082778	6	16	22	10
Thu Jun 25 12:59:37 2020	1593082777	9	13	22	8
Thu Jun 25 12:59:39 2020	1593082779	8	14	22	14
Thu Jun 25 12:59:41 2020	1593082781	13	10	22	8
Thu Jun 25 12:59:41 2020	1593082781	10	12	22	11
Thu Jun 25 12:59:36 2020	1593082776	8	15	22	14
Thu Jun 25 12:59:40 2020	1593082780	9	14	22	14
Thu Jun 25 12:59:39 2020	1593082779	8	14	22	13
Thu Jun 25 12:59:41 2020	1593082781	7	16	22	11
Thu Jun 25 12:59:41 2020	1593082781	10	13	22	13
Thu Jun 25 12:59:41 2020	1593082781	11	12	22	11
Thu Jun 25 12:59:41 2020	1593082781	8	15	22	13
Thu Jun 25 12:59:36 2020	1593082776	7	15	22	13
Thu Jun 25 12:59:39 2020	1593082779	8	15	22	9
Thu Jun 25 12:59:40 2020	1593082780	11	12	22	7
Thu Jun 25 12:59:38 2020	1593082778	9	13	22	10
Thu Jun 25 12:59:38 2020	1593082778	5	17	23	17
Thu Jun 25 12:59:39 2020	1593082779	8	14	23	9
Thu Jun 25 12:59:37 2020	1593082777	7	15	23	12
Thu Jun 25 12:59:39 2020	1593082779	8	15	23	9
Thu Jun 25 12:59:36 2020	1593082776	8	15	23	10
Thu Jun 25 12:59:36 2020	1593082776	10	13	23	12
Thu Jun 25 12:59:39 2020	1593082779	7	16	23	15
Thu Jun 25 12:59:38 2020	1593082778	10	13	23	11
Thu Jun 25 12:59:37 2020	1593082777	10	12	23	8
Thu Jun 25 12:59:38 2020	1593082778	11	12	23	11
Thu Jun 25 12:59:36 2020	1593082776	8	14	23	10
Thu Jun 25 12:59:36 2020	1593082776	7	15	23	8
Thu Jun 25 12:59:39 2020	1593082779	5	18	23	13
Thu Jun 25 12:59:38 2020	1593082778	6	17	23	17
Thu Jun 25 12:59:41 2020	1593082781	9	13	23	13
Thu Jun 25 12:59:41 2020	1593082781	13	10	23	4
Thu Jun 25 12:59:35 2020	1593082775	8	15	23	14
Thu Jun 25 12:59:39 2020	1593082779	8	15	23	15
Thu Jun 25 12:59:41 2020	1593082781	13	10	23	8
Thu Jun 25 12:59:41 2020	1593082781	8	15	23	12
Thu Jun 25 12:59:41 2020	1593082781	11	12	23	12
Thu Jun 25 12:59:38 2020	1593082778	5	18	23	14
Thu Jun 25 12:59:40 2020	1593082780	9	14	23	13
Thu Jun 25 12:59:36 2020	1593082776	7	16	23	15
Thu Jun 25 12:59:41 2020	1593082781	13	10	23	8
Thu Jun 25 12:59:36 2020	1593082776	6	17	23	16
Thu Jun 25 12:59:39 2020	1593082779	6	17	23	16
Thu Jun 25 12:59:39 2020	1593082779	10	13	23	11
Thu Jun 25 12:59:41 2020	1593082781	12	11	23	7
Thu Jun 25 12:59:41 2020	1593082781	10	13	23	10
Thu Jun 25 12:59:37 2020	1593082777	11	12	23	8
Thu Jun 25 12:59:39 2020	1593082779	7	16	23	11
Thu Jun 25 12:59:41 2020	1593082781	6	17	23	16
Thu Jun 25 12:59:41 2020	1593082781	8	15	23	14
Thu Jun 25 12:59:36 2020	1593082776	11	12	23	12
Thu Jun 25 12:59:36 2020	1593082776	8	15	23	12
Thu Jun 25 12:59:38 2020	1593082778	14	9	23	8
Thu Jun 25 12:59:38 2020	1593082778	12	11	23	7
Thu Jun 25 12:59:39 2020	1593082779	9	14	23	10
Thu Jun 25 12:59:36 2020	1593082776	9	15	23	13
Thu Jun 25 12:59:40 2020	1593082780	8	16	23	11
Thu Jun 25 12:59:40 2020	1593082780	8	15	23	14
Thu Jun 25 12:59:40 2020	1593082780	7	17	23	10
Thu Jun 25 12:59:40 2020	1593082780	11	12	23	12
Thu Jun 25 12:59:36 2020	1593082776	10	13	23	12
Thu Jun 25 12:59:39 2020	1593082779	13	10	23	8
Thu Jun 25 12:59:36 2020	1593082776	11	12	23	11
Thu Jun 25 12:59:36 2020	1593082776	8	15	23	14
Thu Jun 25 12:59:39 2020	1593082779	14	10	23	10
Thu Jun 25 12:59:36 2020	1593082776	8	15	23	12
Thu Jun 25 12:59:38 2020	1593082778	6	17	23	15
Thu Jun 25 12:59:41 2020	1593082781	13	11	23	8
Thu Jun 25 12:59:36 2020	1593082776	10	13	23	9
Thu Jun 25 12:59:39 2020	1593082779	10	14	24	8
Thu Jun 25 12:59:40 2020	1593082780	7	16	24	12
Thu Jun 25 12:59:41 2020	1593082781	10	13	24	10
Thu Jun 25 12:59:41 2020	1593082781	6	18	24	17
Thu Jun 25 12:59:36 2020	1593082776	11	13	24	13
Thu Jun 25 12:59:35 2020	1593082775	8	16	24	15
Thu Jun 25 12:59:35 2020	1593082775	9	15	24	12
Thu Jun 25 12:59:36 2020	1593082776	9	14	24	10
Thu Jun 25 12:59:35 2020	1593082775	6	17	24	17
Thu Jun 25 12:59:39 2020	1593082779	7	16	24	11
Thu Jun 25 12:59:35 2020	1593082775	11	13	24	12
Thu Jun 25 12:59:38 2020	1593082778	13	11	24	10
Thu Jun 25 12:59:39 2020	1593082779	6	18	24	18
Thu Jun 25 12:59:39 2020	1593082779	9	14	24	11
Thu Jun 25 12:59:40 2020	1593082780	10	14	24	8
Thu Jun 25 12:59:39 2020	1593082779	6	18	24	18
Thu Jun 25 12:59:38 2020	1593082778	8	16	24	12
Thu Jun 25 12:59:39 2020	1593082779	10	14	24	13
Thu Jun 25 12:59:38 2020	1593082778	9	14	24	14
Thu Jun 25 12:59:35 2020	1593082775	10	14	24	13
Thu Jun 25 12:59:36 2020	1593082776	9	15	24	9
Thu Jun 25 12:59:38 2020	1593082778	11	13	24	11
Thu Jun 25 12:59:40 2020	1593082780	7	17	24	8
Thu Jun 25 12:59:41 2020	1593082781	13	11	24	10
Thu Jun 25 12:59:35 2020	1593082775	12	12	24	9
Thu Jun 25 12:59:36 2020	1593082776	9	15	24	11
Thu Jun 25 12:59:41 2020	1593082781	11	13	24	9
Thu Jun 25 12:59:39 2020	1593082779	10	14	24	11
Thu Jun 25 12:59:39 2020	1593082779	12	12	24	12
Thu Jun 25 12:59:40 2020	1593082780	13	12	24	10
Thu Jun 25 12:59:39 2020	1593082779	8	16	24	10
Thu Jun 25 12:59:41 2020	1593082781	14	10	24	10
Thu Jun 25 12:59:37 2020	1593082777	7	17	24	16
Thu Jun 25 12:59:36 2020	1593082776	8	16	24	13
Thu Jun 25 12:59:39 2020	1593082779	10	15	24	11
Thu Jun 25 12:59:41 2020	1593082781	8	16	24	10
Thu Jun 25 12:59:41 2020	1593082781	12	12	24	8
Thu Jun 25 12:59:40 2020	1593082780	7	17	24	17
Thu Jun 25 12:59:41 2020	1593082781	13	11	24	10
Thu Jun 25 12:59:41 2020	1593082781	8	16	24	8
Thu Jun 25 12:59:35 2020	1593082775	7	18	24	17
Thu Jun 25 12:59:40 2020	1593082780	11	14	24	9
Thu Jun 25 12:59:36 2020	1593082776	8	17	24	16
Thu Jun 25 12:59:36 2020	1593082776	10	15	24	10
Thu Jun 25 12:59:41 2020	1593082781	10	15	24	8
Thu Jun 25 12:59:38 2020	1593082778	12	12	24	9
Thu Jun 25 12:59:40 2020	1593082780	10	14	24	10
Thu Jun 25 12:59:41 2020	1593082781	12	12	24	10
Thu Jun 25 12:59:39 2020	1593082779	9	15	24	12
Thu Jun 25 12:59:40 2020	1593082780	9	15	24	13
Thu Jun 25 12:59:39 2020	1593082779	10	15	24	10
Thu Jun 25 12:59:41 2020	1593082781	12	13	24	9
Thu Jun 25 12:59:41 2020	1593082781	10	14	24	9
Thu Jun 25 12:59:37 2020	1593082777	10	15	24	11
Thu Jun 25 12:59:36 2020	1593082776	10	15	24	10
Thu Jun 25 12:59:40 2020	1593082780	10	14	24	14
Thu Jun 25 12:59:39 2020	1593082779	6	19	24	6
Thu Jun 25 12:59:41 2020	1593082781	8	16	24	6
Thu Jun 25 12:59:36 2020	1593082776	14	11	25	7
Thu Jun 25 12:59:38 2020	1593082778	12	12	25	10
Thu Jun 25 12:59:41 2020	1593082781	8	16	25	16
Thu Jun 25 12:59:40 2020	1593082780	7	17	25	10
Thu Jun 25 12:59:40 2020	1593082780	14	10	25	9
Thu Jun 25 12:59:40 2020	1593082780	14	10	25	8
Thu Jun 25 12:59:39 2020	1593082779	11	14	25	13
Thu Jun 25 12:59:36 2020	1593082776	9	16	25	9
Thu Jun 25 12:59:38 2020	1593082778	6	19	25	7
Thu Jun 25 12:59:36 2020	1593082776	17	8	25	6
Thu Jun 25 12:59:38 2020	1593082778	9	16	25	16
Thu Jun 25 12:59:39 2020	1593082779	7	18	25	13
Thu Jun 25 12:59:39 2020	1593082779	9	16	25	10
Thu Jun 25 12:59:41 2020	1593082781	14	11	25	8
Thu Jun 25 12:59:36 2020	1593082776	7	18	25	18
Thu Jun 25 12:59:38 2020	1593082778	10	15	25	12
Thu Jun 25 12:59:36 2020	1593082776	7	18	25	17
Thu Jun 25 12:59:37 2020	1593082777	9	16	25	16
Thu Jun 25 12:59:40 2020	1593082780	10	15	25	14
Thu Jun 25 12:59:40 2020	1593082780	9	16	25	15
Thu Jun 25 12:59:40 2020	1593082780	12	13	25	11
Thu Jun 25 12:59:41 2020	1593082781	6	19	25	19
Thu Jun 25 12:59:41 2020	1593082781	12	13	25	9
Thu Jun 25 12:59:41 2020	1593082781	9	17	25	9
Thu Jun 25 12:59:40 2020	1593082780	11	14	25	14
Thu Jun 25 12:59:40 2020	1593082780	5	20	25	20
Thu Jun 25 12:59:40 2020	1593082780	7	18	25	18
Thu Jun 25 12:59:39 2020	1593082779	12	13	25	9
Thu Jun 25 12:59:40 2020	1593082780	12	13	25	12
Thu Jun 25 12:59:36 2020	1593082776	8	17	25	6
Thu Jun 25 12:59:38 2020	1593082778	9	16	25	9
Thu Jun 25 12:59:36 2020	1593082776	6	19	25	16
Thu Jun 25 12:59:39 2020	1593082779	9	17	25	16
Thu Jun 25 12:59:39 2020	1593082779	11	14	25	7
Thu Jun 25 12:59:41 2020	1593082781	14	11	25	8
Thu Jun 25 12:59:38 2020	1593082778	9	17	25	12
Thu Jun 25 12:59:36 2020	1593082776	11	14	25	14
Thu Jun 25 12:59:40 2020	1593082780	11	15	25	12
Thu Jun 25 12:59:38 2020	1593082778	10	16	25	14
Thu Jun 25 12:59:39 2020	1593082779	10	16	25	16
Thu Jun 25 12:59:38 2020	1593082778	9	16	25	9
Thu Jun 25 12:59:39 2020	1593082779	6	19	25	19
Thu Jun 25 12:59:39 2020	1593082779	7	19	25	8
Thu Jun 25 12:59:38 2020	1593082778	9	17	25	13
Thu Jun 25 12:59:38 2020	1593082778	10	15	25	15
Thu Jun 25 12:59:40 2020	1593082780	12	13	25	13
Thu Jun 25 12:59:40 2020	1593082780	9	16	25	16
Thu Jun 25 12:59:36 2020	1593082776	12	13	25	12
Thu Jun 25 12:59:41 2020	1593082781	13	12	25	10
Thu Jun 25 12:59:39 2020	1593082779	9	17	25	12
Thu Jun 25 12:59:40 2020	1593082780	6	19	25	11
Thu Jun 25 12:59:39 2020	1593082779	9	17	25	16
Thu Jun 25 12:59:39 2020	1593082779	10	16	26	12
Thu Jun 25 12:59:39 2020	1593082779	9	17	26	13
Thu Jun 25 12:59:39 2020	1593082779	9	17	26	14
Thu Jun 25 12:59:38 2020	1593082778	12	14	26	13
Thu Jun 25 12:59:38 2020	1593082778	10	16	26	10
Thu Jun 25 12:59:39 2020	1593082779	10	16	26	13
Thu Jun 25 12:59:40 2020	1593082780	7	18	26	16
Thu Jun 25 12:59:38 2020	1593082778	11	15	26	8
Thu Jun 25 12:59:38 2020	1593082778	9	17	26	16
Thu Jun 25 12:59:39 2020	1593082779	13	13	26	12
Thu Jun 25 12:59:38 2020	1593082778	8	18	26	14
Thu Jun 25 12:59:39 2020	1593082779	8	18	26	16
Thu Jun 25 12:59:39 2020	1593082779	10	16	26	15
Thu Jun 25 12:59:36 2020	1593082776	5	21	26	12
Thu Jun 25 12:59:39 2020	1593082779	11	15	26	13
Thu Jun 25 12:59:40 2020	1593082780	10	16	26	16
Thu Jun 25 12:59:39 2020	1593082779	9	17	26	7
Thu Jun 25 12:59:39 2020	1593082779	9	17	26	17
Thu Jun 25 12:59:41 2020	1593082781	14	12	26	12
Thu Jun 25 12:59:36 2020	1593082776	9	16	26	12
Thu Jun 25 12:59:40 2020	1593082780	13	13	26	11
Thu Jun 25 12:59:38 2020	1593082778	10	16	26	15
Thu Jun 25 12:59:38 2020	1593082778	10	16	26	15
Thu Jun 25 12:59:38 2020	1593082778	8	18	26	13
Thu Jun 25 12:59:39 2020	1593082779	9	17	26	16
Thu Jun 25 12:59:41 2020	1593082781	12	13	26	12
Thu Jun 25 12:59:38 2020	1593082778	9	17	26	15
Thu Jun 25 12:59:40 2020	1593082780	9	17	26	16
Thu Jun 25 12:59:39 2020	1593082779	10	16	26	15
Thu Jun 25 12:59:40 2020	1593082780	12	13	26	13
Thu Jun 25 12:59:36 2020	1593082776	14	12	26	8
Thu Jun 25 12:59:39 2020	1593082779	8	18	26	10
Thu Jun 25 12:59:36 2020	1593082776	6	19	26	19
Thu Jun 25 12:59:39 2020	1593082779	9	17	26	10
Thu Jun 25 12:59:39 2020	1593082779	9	17	26	7
Thu Jun 25 12:59:41 2020	1593082781	8	18	26	14
Thu Jun 25 12:59:41 2020	1593082781	11	15	26	15
Thu Jun 25 12:59:39 2020	1593082779	6	20	26	9
Thu Jun 25 12:59:36 2020	1593082776	11	15	26	15
Thu Jun 25 12:59:41 2020	1593082781	9	17	26	17
Thu Jun 25 12:59:41 2020	1593082781	8	18	26	10
Thu Jun 25 12:59:39 2020	1593082779	10	16	26	15
Thu Jun 25 12:59:41 2020	1593082781	6	20	26	13
Thu Jun 25 12:59:41 2020	1593082781	9	17	26	7
Thu Jun 25 12:59:39 2020	1593082779	8	18	26	17
Thu Jun 25 12:59:39 2020	1593082779	10	16	26	12
Thu Jun 25 12:59:40 2020	1593082780	6	20	26	19
Thu Jun 25 12:59:38 2020	1593082778	9	17	26	13
Thu Jun 25 12:59:39 2020	1593082779	10	17	26	15
Thu Jun 25 12:59:40 2020	1593082780	10	16	26	13
Thu Jun 25 12:59:39 2020	1593082779	15	11	26	6
Thu Jun 25 12:59:39 2020	1593082779	14	12	26	11
Thu Jun 25 12:59:40 2020	1593082780	8	18	26	18
Thu Jun 25 12:59:40 2020	1593082780	8	19	26	18
Thu Jun 25 12:59:40 2020	1593082780	13	13	26	13
Thu Jun 25 12:59:39 2020	1593082779	9	17	26	16
Thu Jun 25 12:59:40 2020	1593082780	15	12	26	11
Thu Jun 25 12:59:38 2020	1593082778	7	20	26	16
Thu Jun 25 12:59:39 2020	1593082779	11	16	26	13
Thu Jun 25 12:59:40 2020	1593082780	7	20	26	18
Thu Jun 25 12:59:40 2020	1593082780	11	16	26	12
Thu Jun 25 12:59:41 2020	1593082781	9	17	26	17
Thu Jun 25 12:59:36 2020	1593082776	9	17	26	10
Thu Jun 25 12:59:40 2020	1593082780	6	20	26	14
Thu Jun 25 12:59:39 2020	1593082779	13	13	26	9
Thu Jun 25 12:59:41 2020	1593082781	8	18	26	11
Thu Jun 25 12:59:38 2020	1593082778	8	18	26	7
Thu Jun 25 12:59:36 2020	1593082776	16	11	26	8
Thu Jun 25 12:59:36 2020	1593082776	10	16	26	14
Thu Jun 25 12:59:36 2020	1593082776	10	17	27	8
Thu Jun 25 12:59:40 2020	1593082780	9	18	27	9
Thu Jun 25 12:59:39 2020	1593082779	9	18	27	7
Thu Jun 25 12:59:40 2020	1593082780	7	20	27	19
Thu Jun 25 12:59:39 2020	1593082779	7	20	27	20
Thu Jun 25 12:59:41 2020	1593082781	14	13	27	12
Thu Jun 25 12:59:36 2020	1593082776	9	17	27	10
Thu Jun 25 12:59:38 2020	1593082778	14	13	27	13
Thu Jun 25 12:59:39 2020	1593082779	12	15	27	13
Thu Jun 25 12:59:39 2020	1593082779	14	13	27	10
Thu Jun 25 12:59:36 2020	1593082776	7	20	27	11
Thu Jun 25 12:59:36 2020	1593082776	11	16	27	15
Thu Jun 25 12:59:36 2020	1593082776	12	14	27	14
Thu Jun 25 12:59:39 2020	1593082779	8	19	27	15
Thu Jun 25 12:59:38 2020	1593082778	10	17	27	14
Thu Jun 25 12:59:41 2020	1593082781	7	19	27	12
Thu Jun 25 12:59:40 2020	1593082780	10	17	27	15
Thu Jun 25 12:59:38 2020	1593082778	7	20	27	12
Thu Jun 25 12:59:36 2020	1593082776	11	16	27	9
Thu Jun 25 12:59:38 2020	1593082778	8	19	27	18
Thu Jun 25 12:59:41 2020	1593082781	12	15	27	10
Thu Jun 25 12:59:38 2020	1593082778	10	17	27	14
Thu Jun 25 12:59:40 2020	1593082780	6	21	27	13
Thu Jun 25 12:59:40 2020	1593082780	10	17	27	15
Thu Jun 25 12:59:41 2020	1593082781	13	14	27	9
Thu Jun 25 12:59:35 2020	1593082775	7	20	27	20
Thu Jun 25 12:59:39 2020	1593082779	7	20	27	20
Thu Jun 25 12:59:40 2020	1593082780	10	17	27	17
Thu Jun 25 12:59:39 2020	1593082779	14	14	27	12
Thu Jun 25 12:59:36 2020	1593082776	9	18	27	18
Thu Jun 25 12:59:36 2020	1593082776	9	18	27	14
Thu Jun 25 12:59:38 2020	1593082778	9	18	27	12
Thu Jun 25 12:59:40 2020	1593082780	10	18	27	13
Thu Jun 25 12:59:40 2020	1593082780	10	17	27	16
Thu Jun 25 12:59:40 2020	1593082780	9	19	27	11
Thu Jun 25 12:59:41 2020	1593082781	8	19	27	9
Thu Jun 25 12:59:39 2020	1593082779	8	19	27	19
Thu Jun 25 12:59:41 2020	1593082781	9	19	27	17
Thu Jun 25 12:59:37 2020	1593082777	7	20	27	8
Thu Jun 25 12:59:41 2020	1593082781	6	21	27	21
Thu Jun 25 12:59:39 2020	1593082779	12	15	27	15
Thu Jun 25 12:59:41 2020	1593082781	10	17	27	14
Thu Jun 25 12:59:36 2020	1593082776	6	22	27	21
Thu Jun 25 12:59:36 2020	1593082776	9	19	28	19
Thu Jun 25 12:59:38 2020	1593082778	6	22	28	12
Thu Jun 25 12:59:36 2020	1593082776	15	13	28	12
Thu Jun 25 12:59:39 2020	1593082779	10	18	28	18
Thu Jun 25 12:59:35 2020	1593082775	7	20	28	8
Thu Jun 25 12:59:38 2020	1593082778	9	18	28	18
Thu Jun 25 12:59:36 2020	1593082776	11	17	28	16
Thu Jun 25 12:59:36 2020	1593082776	12	16	28	14
Thu Jun 25 12:59:36 2020	1593082776	13	15	28	13
Thu Jun 25 12:59:38 2020	1593082778	10	18	28	14
Thu Jun 25 12:59:38 2020	1593082778	7	21	28	12
Thu Jun 25 12:59:35 2020	1593082775	9	19	28	18
Thu Jun 25 12:59:38 2020	1593082778	14	14	28	10
Thu Jun 25 12:59:38 2020	1593082778	12	16	28	12
Thu Jun 25 12:59:35 2020	1593082775	8	20	28	9
Thu Jun 25 12:59:35 2020	1593082775	12	16	28	7
Thu Jun 25 12:59:39 2020	1593082779	10	18	28	16
Thu Jun 25 12:59:41 2020	1593082781	13	15	28	13
Thu Jun 25 12:59:36 2020	1593082776	10	18	28	17
Thu Jun 25 12:59:41 2020	1593082781	14	14	28	13
Thu Jun 25 12:59:38 2020	1593082778	9	20	28	14
Thu Jun 25 12:59:41 2020	1593082781	8	20	28	20
Thu Jun 25 12:59:35 2020	1593082775	9	19	28	8
Thu Jun 25 12:59:36 2020	1593082776	10	18	28	17
Thu Jun 25 12:59:41 2020	1593082781	15	13	28	12
Thu Jun 25 12:59:36 2020	1593082776	15	13	28	12
Thu Jun 25 12:59:36 2020	1593082776	13	16	28	14
Thu Jun 25 12:59:39 2020	1593082779	10	19	28	18
Thu Jun 25 12:59:40 2020	1593082780	9	19	28	19
Thu Jun 25 12:59:40 2020	1593082780	10	19	28	16
Thu Jun 25 12:59:36 2020	1593082776	6	22	29	21
Thu Jun 25 12:59:38 2020	1593082778	14	14	29	9
Thu Jun 25 12:59:40 2020	1593082780	12	17	29	14
Thu Jun 25 12:59:36 2020	1593082776	7	22	29	18
Thu Jun 25 12:59:38 2020	1593082778	10	19	29	9
Thu Jun 25 12:59:36 2020	1593082776	12	17	29	16
Thu Jun 25 12:59:39 2020	1593082779	18	11	29	11
Thu Jun 25 12:59:41 2020	1593082781	11	18	29	16
Thu Jun 25 12:59:35 2020	1593082775	12	17	29	10
Thu Jun 25 12:59:37 2020	1593082777	16	13	29	13
Thu Jun 25 12:59:38 2020	1593082778	14	15	29	14
Thu Jun 25 12:59:41 2020	1593082781	7	22	29	15
Thu Jun 25 12:59:38 2020	1593082778	14	16	29	12
Thu Jun 25 12:59:38 2020	1593082778	8	21	29	9
Thu Jun 25 12:59:36 2020	1593082776	8	21	29	19
Thu Jun 25 12:59:38 2020	1593082778	9	20	29	7
Thu Jun 25 12:59:38 2020	1593082778	9	20	29	8
Thu Jun 25 12:59:38 2020	1593082778	15	15	29	12
Thu Jun 25 12:59:39 2020	1593082779	15	15	29	13
Thu Jun 25 12:59:40 2020	1593082780	16	13	29	5
Thu Jun 25 12:59:38 2020	1593082778	9	20	29	12
Thu Jun 25 12:59:41 2020	1593082781	6	24	29	9
Thu Jun 25 12:59:41 2020	1593082781	13	16	29	11
Thu Jun 25 12:59:35 2020	1593082775	10	19	29	19
Thu Jun 25 12:59:41 2020	1593082781	6	24	29	23
Thu Jun 25 12:59:39 2020	1593082779	16	13	29	13
Thu Jun 25 12:59:41 2020	1593082781	9	21	29	7
Thu Jun 25 12:59:39 2020	1593082779	15	14	29	14
Thu Jun 25 12:59:39 2020	1593082779	16	13	29	11
Thu Jun 25 12:59:40 2020	1593082780	9	20	29	16
Thu Jun 25 12:59:38 2020	1593082778	14	15	29	14
Thu Jun 25 12:59:41 2020	1593082781	7	22	29	22
Thu Jun 25 12:59:40 2020	1593082780	9	20	29	18
Thu Jun 25 12:59:41 2020	1593082781	9	20	30	20
Thu Jun 25 12:59:39 2020	1593082779	18	12	30	11
Thu Jun 25 12:59:40 2020	1593082780	15	14	30	11
Thu Jun 25 12:59:39 2020	1593082779	11	18	30	17
Thu Jun 25 12:59:38 2020	1593082778	12	17	30	17
Thu Jun 25 12:59:38 2020	1593082778	14	16	30	13
Thu Jun 25 12:59:36 2020	1593082776	7	22	30	22
Thu Jun 25 12:59:38 2020	1593082778	14	15	30	15
Thu Jun 25 12:59:36 2020	1593082776	13	17	30	15
Thu Jun 25 12:59:38 2020	1593082778	9	21	30	19
Thu Jun 25 12:59:40 2020	1593082780	14	16	30	15
Thu Jun 25 12:59:40 2020	1593082780	10	20	30	15
Thu Jun 25 12:59:39 2020	1593082779	18	12	30	12
Thu Jun 25 12:59:41 2020	1593082781	14	16	30	9
Thu Jun 25 12:59:36 2020	1593082776	8	22	30	21
Thu Jun 25 12:59:38 2020	1593082778	16	14	30	13
Thu Jun 25 12:59:38 2020	1593082778	14	16	30	15
Thu Jun 25 12:59:39 2020	1593082779	15	15	30	14
Thu Jun 25 12:59:40 2020	1593082780	13	17	30	11
Thu Jun 25 12:59:35 2020	1593082775	9	21	30	6
Thu Jun 25 12:59:40 2020	1593082780	15	16	30	10
Thu Jun 25 12:59:35 2020	1593082775	11	19	30	16
Thu Jun 25 12:59:36 2020	1593082776	13	17	30	12
Thu Jun 25 12:59:41 2020	1593082781	10	20	30	18
Thu Jun 25 12:59:41 2020	1593082781	12	18	30	17
Thu Jun 25 12:59:35 2020	1593082775	9	21	30	12
Thu Jun 25 12:59:39 2020	1593082779	12	18	30	17
Thu Jun 25 12:59:36 2020	1593082776	7	23	30	8
Thu Jun 25 12:59:38 2020	1593082778	9	21	30	21
Thu Jun 25 12:59:36 2020	1593082776	10	20	30	18
Thu Jun 25 12:59:39 2020	1593082779	18	12	30	11
Thu Jun 25 12:59:36 2020	1593082776	8	22	30	9
Thu Jun 25 12:59:36 2020	1593082776	18	13	31	12
Thu Jun 25 12:59:40 2020	1593082780	7	24	31	11
Thu Jun 25 12:59:39 2020	1593082779	12	19	31	7
Thu Jun 25 12:59:35 2020	1593082775	11	20	31	7
Thu Jun 25 12:59:40 2020	1593082780	11	20	31	8
Thu Jun 25 12:59:41 2020	1593082781	15	16	31	14
Thu Jun 25 12:59:36 2020	1593082776	16	14	31	14
Thu Jun 25 12:59:38 2020	1593082778	10	20	31	20
Thu Jun 25 12:59:38 2020	1593082778	15	15	31	13
Thu Jun 25 12:59:41 2020	1593082781	8	23	31	22
Thu Jun 25 12:59:40 2020	1593082780	16	15	31	14
Thu Jun 25 12:59:40 2020	1593082780	14	17	31	9
Thu Jun 25 12:59:38 2020	1593082778	13	18	31	18
Thu Jun 25 12:59:38 2020	1593082778	14	17	31	14
Thu Jun 25 12:59:36 2020	1593082776	13	18	31	17
Thu Jun 25 12:59:36 2020	1593082776	5	26	31	14
Thu Jun 25 12:59:36 2020	1593082776	13	18	31	13
Thu Jun 25 12:59:40 2020	1593082780	19	12	31	12
Thu Jun 25 12:59:38 2020	1593082778	16	15	31	14
Thu Jun 25 12:59:39 2020	1593082779	18	13	31	12
Thu Jun 25 12:59:40 2020	1593082780	10	21	31	21
Thu Jun 25 12:59:41 2020	1593082781	12	19	31	9
Thu Jun 25 12:59:38 2020	1593082778	17	15	31	14
Thu Jun 25 12:59:36 2020	1593082776	13	19	31	18
Thu Jun 25 12:59:36 2020	1593082776	13	19	31	18
Thu Jun 25 12:59:36 2020	1593082776	14	17	31	11
Thu Jun 25 12:59:39 2020	1593082779	16	15	31	14
Thu Jun 25 12:59:36 2020	1593082776	16	15	31	14
Thu Jun 25 12:59:38 2020	1593082778	16	15	31	11
Thu Jun 25 12:59:41 2020	1593082781	18	14	31	13
Thu Jun 25 12:59:41 2020	1593082781	8	24	31	6
Thu Jun 25 12:59:36 2020	1593082776	18	14	31	14
Thu Jun 25 12:59:39 2020	1593082779	13	18	31	12
Thu Jun 25 12:59:39 2020	1593082779	16	16	31	15
Thu Jun 25 12:59:39 2020	1593082779	7	24	32	24
Thu Jun 25 12:59:41 2020	1593082781	9	23	32	20
Thu Jun 25 12:59:35 2020	1593082775	11	20	32	8
Thu Jun 25 12:59:41 2020	1593082781	9	23	32	12
Thu Jun 25 12:59:40 2020	1593082780	10	22	32	14
Thu Jun 25 12:59:40 2020	1593082780	18	14	32	12
Thu Jun 25 12:59:36 2020	1593082776	13	19	32	18
Thu Jun 25 12:59:37 2020	1593082777	18	13	32	12
Thu Jun 25 12:59:39 2020	1593082779	7	25	32	13
Thu Jun 25 12:59:36 2020	1593082776	11	21	32	21
Thu Jun 25 12:59:39 2020	1593082779	10	22	32	21
Thu Jun 25 12:59:40 2020	1593082780	7	25	32	25
Thu Jun 25 12:59:40 2020	1593082780	8	25	32	23
Thu Jun 25 12:59:35 2020	1593082775	19	13	32	9
Thu Jun 25 12:59:39 2020	1593082779	14	18	32	11
Thu Jun 25 12:59:39 2020	1593082779	17	15	32	14
Thu Jun 25 12:59:36 2020	1593082776	15	18	32	17
Thu Jun 25 12:59:39 2020	1593082779	14	18	32	10
Thu Jun 25 12:59:40 2020	1593082780	13	19	32	12
Thu Jun 25 12:59:39 2020	1593082779	12	20	32	15
Thu Jun 25 12:59:35 2020	1593082775	10	22	32	19
Thu Jun 25 12:59:38 2020	1593082778	18	15	32	14
Thu Jun 25 12:59:39 2020	1593082779	13	20	32	12
Thu Jun 25 12:59:41 2020	1593082781	17	16	32	15
Thu Jun 25 12:59:40 2020	1593082780	7	25	33	13
Thu Jun 25 12:59:41 2020	1593082781	13	19	33	12
Thu Jun 25 12:59:38 2020	1593082778	18	15	33	5
Thu Jun 25 12:59:39 2020	1593082779	18	14	33	13
Thu Jun 25 12:59:35 2020	1593082775	12	21	33	9
Thu Jun 25 12:59:40 2020	1593082780	13	19	33	16
Thu Jun 25 12:59:39 2020	1593082779	19	14	33	14
Thu Jun 25 12:59:41 2020	1593082781	8	25	33	19
Thu Jun 25 12:59:36 2020	1593082776	15	18	33	16
Thu Jun 25 12:59:36 2020	1593082776	5	28	33	27
Thu Jun 25 12:59:39 2020	1593082779	11	22	33	21
Thu Jun 25 12:59:41 2020	1593082781	17	16	33	15
Thu Jun 25 12:59:39 2020	1593082779	18	15	33	12
Thu Jun 25 12:59:36 2020	1593082776	16	16	33	16
Thu Jun 25 12:59:39 2020	1593082779	17	16	33	14
Thu Jun 25 12:59:39 2020	1593082779	14	19	33	18
Thu Jun 25 12:59:39 2020	1593082779	7	26	33	26
Thu Jun 25 12:59:41 2020	1593082781	9	24	33	13
Thu Jun 25 12:59:40 2020	1593082780	16	17	33	16
Thu Jun 25 12:59:41 2020	1593082781	12	21	33	13
Thu Jun 25 12:59:41 2020	1593082781	9	24	33	14
Thu Jun 25 12:59:39 2020	1593082779	19	14	33	13
Thu Jun 25 12:59:35 2020	1593082775	17	16	33	10
Thu Jun 25 12:59:39 2020	1593082779	15	18	33	11
Thu Jun 25 12:59:38 2020	1593082778	13	20	33	10
Thu Jun 25 12:59:38 2020	1593082778	15	18	33	18
Thu Jun 25 12:59:36 2020	1593082776	16	17	33	16
Thu Jun 25 12:59:35 2020	1593082775	11	22	33	13
Thu Jun 25 12:59:35 2020	1593082775	10	23	33	12
Thu Jun 25 12:59:36 2020	1593082776	16	18	33	10
Thu Jun 25 12:59:40 2020	1593082780	19	14	33	12
Thu Jun 25 12:59:38 2020	1593082778	13	21	33	9
Thu Jun 25 12:59:40 2020	1593082780	19	15	34	14
Thu Jun 25 12:59:40 2020	1593082780	19	15	34	15
Thu Jun 25 12:59:41 2020	1593082781	17	16	34	16
Thu Jun 25 12:59:41 2020	1593082781	9	25	34	21
Thu Jun 25 12:59:39 2020	1593082779	15	19	34	16
Thu Jun 25 12:59:38 2020	1593082778	14	20	34	8
Thu Jun 25 12:59:36 2020	1593082776	19	15	34	15
Thu Jun 25 12:59:38 2020	1593082778	19	15	34	12
Thu Jun 25 12:59:41 2020	1593082781	11	23	34	9
Thu Jun 25 12:59:36 2020	1593082776	16	18	34	17
Thu Jun 25 12:59:39 2020	1593082779	16	18	34	10
Thu Jun 25 12:59:36 2020	1593082776	18	16	34	15
Thu Jun 25 12:59:36 2020	1593082776	18	16	34	15
Thu Jun 25 12:59:41 2020	1593082781	13	21	34	11
Thu Jun 25 12:59:40 2020	1593082780	14	20	34	20
Thu Jun 25 12:59:39 2020	1593082779	19	15	34	9
Thu Jun 25 12:59:38 2020	1593082778	18	17	34	15
Thu Jun 25 12:59:38 2020	1593082778	8	26	34	9
Thu Jun 25 12:59:41 2020	1593082781	7	27	34	10
Thu Jun 25 12:59:40 2020	1593082780	11	23	34	21
Thu Jun 25 12:59:40 2020	1593082780	18	16	34	15
Thu Jun 25 12:59:39 2020	1593082779	18	16	34	13
Thu Jun 25 12:59:41 2020	1593082781	16	18	34	12
Thu Jun 25 12:59:35 2020	1593082775	19	16	34	15
Thu Jun 25 12:59:36 2020	1593082776	9	26	34	21
Thu Jun 25 12:59:38 2020	1593082778	9	25	34	11
Thu Jun 25 12:59:39 2020	1593082779	10	25	34	11
Thu Jun 25 12:59:41 2020	1593082781	13	22	34	13
Thu Jun 25 12:59:38 2020	1593082778	15	19	34	19
Thu Jun 25 12:59:41 2020	1593082781	14	21	35	16
Thu Jun 25 12:59:38 2020	1593082778	8	27	35	12
Thu Jun 25 12:59:40 2020	1593082780	18	17	35	8
Thu Jun 25 12:59:39 2020	1593082779	8	26	35	13
Thu Jun 25 12:59:38 2020	1593082778	10	24	35	11
Thu Jun 25 12:59:40 2020	1593082780	8	27	35	10
Thu Jun 25 12:59:38 2020	1593082778	9	25	35	14
Thu Jun 25 12:59:40 2020	1593082780	7	28	35	26
Thu Jun 25 12:59:36 2020	1593082776	13	21	35	13
Thu Jun 25 12:59:41 2020	1593082781	15	20	35	18
Thu Jun 25 12:59:38 2020	1593082778	8	27	35	27
Thu Jun 25 12:59:40 2020	1593082780	20	15	35	14
Thu Jun 25 12:59:35 2020	1593082775	19	16	35	13
Thu Jun 25 12:59:36 2020	1593082776	11	24	35	9
Thu Jun 25 12:59:38 2020	1593082778	6	29	35	28
Thu Jun 25 12:59:41 2020	1593082781	20	15	35	7
Thu Jun 25 12:59:40 2020	1593082780	8	27	35	27
Thu Jun 25 12:59:38 2020	1593082778	16	19	35	17
Thu Jun 25 12:59:38 2020	1593082778	13	23	35	21
Thu Jun 25 12:59:40 2020	1593082780	13	22	35	10
Thu Jun 25 12:59:39 2020	1593082779	16	19	35	19
Thu Jun 25 12:59:41 2020	1593082781	17	19	35	14
Thu Jun 25 12:59:35 2020	1593082775	12	24	35	21
Thu Jun 25 12:59:38 2020	1593082778	11	24	35	9
Thu Jun 25 12:59:38 2020	1593082778	7	28	35	9
Thu Jun 25 12:59:39 2020	1593082779	10	26	35	9
Thu Jun 25 12:59:35 2020	1593082775	20	16	35	15
Thu Jun 25 12:59:41 2020	1593082781	17	18	35	17
Thu Jun 25 12:59:41 2020	1593082781	18	17	35	17
Thu Jun 25 12:59:40 2020	1593082780	15	20	35	20
Thu Jun 25 12:59:40 2020	1593082780	18	17	35	17
Thu Jun 25 12:59:36 2020	1593082776	20	15	35	15
Thu Jun 25 12:59:40 2020	1593082780	18	18	35	17
Thu Jun 25 12:59:39 2020	1593082779	20	16	36	12
Thu Jun 25 12:59:38 2020	1593082778	18	18	36	18
Thu Jun 25 12:59:41 2020	1593082781	17	19	36	16
Thu Jun 25 12:59:38 2020	1593082778	19	17	36	16
Thu Jun 25 12:59:41 2020	1593082781	15	21	36	20
Thu Jun 25 12:59:39 2020	1593082779	19	16	36	14
Thu Jun 25 12:59:40 2020	1593082780	23	12	36	12
Thu Jun 25 12:59:36 2020	1593082776	20	16	36	15
Thu Jun 25 12:59:36 2020	1593082776	11	25	36	17
Thu Jun 25 12:59:38 2020	1593082778	10	26	36	24
Thu Jun 25 12:59:41 2020	1593082781	10	25	36	14
Thu Jun 25 12:59:39 2020	1593082779	18	17	36	9
Thu Jun 25 12:59:38 2020	1593082778	11	25	36	21
Thu Jun 25 12:59:41 2020	1593082781	6	30	36	27
Thu Jun 25 12:59:35 2020	1593082775	20	16	36	11
Thu Jun 25 12:59:40 2020	1593082780	9	27	36	8
Thu Jun 25 12:59:40 2020	1593082780	20	16	36	16
Thu Jun 25 12:59:35 2020	1593082775	9	27	36	18
Thu Jun 25 12:59:39 2020	1593082779	9	27	36	10
Thu Jun 25 12:59:39 2020	1593082779	17	19	36	15
Thu Jun 25 12:59:35 2020	1593082775	14	22	36	19
Thu Jun 25 12:59:40 2020	1593082780	11	25	36	24
Thu Jun 25 12:59:41 2020	1593082781	14	23	36	22
Thu Jun 25 12:59:40 2020	1593082780	20	17	36	16
Thu Jun 25 12:59:36 2020	1593082776	19	17	37	17
Thu Jun 25 12:59:36 2020	1593082776	18	18	37	18
Thu Jun 25 12:59:39 2020	1593082779	8	28	37	15
Thu Jun 25 12:59:36 2020	1593082776	9	27	37	16
Thu Jun 25 12:59:36 2020	1593082776	13	24	37	14
Thu Jun 25 12:59:35 2020	1593082775	20	17	37	17
Thu Jun 25 12:59:39 2020	1593082779	18	19	37	15
Thu Jun 25 12:59:39 2020	1593082779	16	21	37	19
Thu Jun 25 12:59:36 2020	1593082776	11	25	37	8
Thu Jun 25 12:59:39 2020	1593082779	13	24	37	23
Thu Jun 25 12:59:39 2020	1593082779	19	17	37	16
Thu Jun 25 12:59:38 2020	1593082778	18	19	37	16
Thu Jun 25 12:59:41 2020	1593082781	6	31	37	30
Thu Jun 25 12:59:38 2020	1593082778	16	21	37	18
Thu Jun 25 12:59:40 2020	1593082780	17	20	37	20
Thu Jun 25 12:59:36 2020	1593082776	11	26	37	9
Thu Jun 25 12:59:35 2020	1593082775	9	29	37	21
Thu Jun 25 12:59:36 2020	1593082776	21	17	37	14
Thu Jun 25 12:59:39 2020	1593082779	8	29	37	27
Thu Jun 25 12:59:40 2020	1593082780	8	30	37	25
Thu Jun 25 12:59:36 2020	1593082776	8	29	37	28
Thu Jun 25 12:59:40 2020	1593082780	29	9	37	5
Thu Jun 25 12:59:38 2020	1593082778	11	27	38	10
Thu Jun 25 12:59:39 2020	1593082779	14	23	38	13
Thu Jun 25 12:59:39 2020	1593082779	19	18	38	18
Thu Jun 25 12:59:41 2020	1593082781	9	28	38	16
Thu Jun 25 12:59:41 2020	1593082781	20	18	38	16
Thu Jun 25 12:59:36 2020	1593082776	10	28	38	18
Thu Jun 25 12:59:41 2020	1593082781	9	29	38	28
Thu Jun 25 12:59:41 2020	1593082781	17	20	38	15
Thu Jun 25 12:59:38 2020	1593082778	9	29	38	29
Thu Jun 25 12:59:39 2020	1593082779	17	21	38	19
Thu Jun 25 12:59:38 2020	1593082778	9	29	38	29
Thu Jun 25 12:59:36 2020	1593082776	9	29	38	8
Thu Jun 25 12:59:38 2020	1593082778	8	30	38	15
Thu Jun 25 12:59:38 2020	1593082778	6	32	38	32
Thu Jun 25 12:59:40 2020	1593082780	8	30	38	29
Thu Jun 25 12:59:40 2020	1593082780	8	30	38	29
Thu Jun 25 12:59:35 2020	1593082775	10	29	38	20
Thu Jun 25 12:59:36 2020	1593082776	8	30	38	13
Thu Jun 25 12:59:39 2020	1593082779	15	23	38	21
Thu Jun 25 12:59:36 2020	1593082776	9	29	38	28
Thu Jun 25 12:59:38 2020	1593082778	10	28	38	20
Thu Jun 25 12:59:40 2020	1593082780	12	27	38	10
Thu Jun 25 12:59:38 2020	1593082778	8	31	38	14
Thu Jun 25 12:59:35 2020	1593082775	10	28	38	28
Thu Jun 25 12:59:40 2020	1593082780	18	21	38	20
Thu Jun 25 12:59:36 2020	1593082776	10	28	38	20
Thu Jun 25 12:59:40 2020	1593082780	14	24	39	23
Thu Jun 25 12:59:35 2020	1593082775	11	27	39	27
Thu Jun 25 12:59:38 2020	1593082778	21	18	39	16
Thu Jun 25 12:59:41 2020	1593082781	25	14	39	9
Thu Jun 25 12:59:41 2020	1593082781	22	17	39	16
Thu Jun 25 12:59:40 2020	1593082780	11	27	39	8
Thu Jun 25 12:59:40 2020	1593082780	13	26	39	18
Thu Jun 25 12:59:38 2020	1593082778	9	30	39	29
Thu Jun 25 12:59:41 2020	1593082781	16	23	39	13
Thu Jun 25 12:59:35 2020	1593082775	20	19	39	19
Thu Jun 25 12:59:38 2020	1593082778	18	22	39	17
Thu Jun 25 12:59:38 2020	1593082778	20	20	40	20
Thu Jun 25 12:59:40 2020	1593082780	9	31	40	30
Thu Jun 25 12:59:35 2020	1593082775	21	19	40	19
Thu Jun 25 12:59:41 2020	1593082781	19	21	40	20
Thu Jun 25 12:59:40 2020	1593082780	28	12	40	9
Thu Jun 25 12:59:41 2020	1593082781	24	16	40	10
Thu Jun 25 12:59:38 2020	1593082778	6	34	40	8
Thu Jun 25 12:59:35 2020	1593082775	18	22	40	20
Thu Jun 25 12:59:38 2020	1593082778	10	30	40	12
Thu Jun 25 12:59:35 2020	1593082775	18	22	40	20
Thu Jun 25 12:59:40 2020	1593082780	14	26	40	14
Thu Jun 25 12:59:39 2020	1593082779	10	30	40	16
Thu Jun 25 12:59:41 2020	1593082781	12	29	40	18
Thu Jun 25 12:59:41 2020	1593082781	20	20	40	14
Thu Jun 25 12:59:38 2020	1593082778	22	19	40	15
Thu Jun 25 12:59:38 2020	1593082778	15	25	40	16
Thu Jun 25 12:59:38 2020	1593082778	6	34	40	8
Thu Jun 25 12:59:40 2020	1593082780	9	32	41	12
Thu Jun 25 12:59:39 2020	1593082779	18	23	41	14
Thu Jun 25 12:59:39 2020	1593082779	9	32	41	19
Thu Jun 25 12:59:36 2020	1593082776	9	32	41	30
Thu Jun 25 12:59:37 2020	1593082777	10	31	41	31
Thu Jun 25 12:59:40 2020	1593082780	29	13	41	9
Thu Jun 25 12:59:38 2020	1593082778	24	17	41	16
Thu Jun 25 12:59:41 2020	1593082781	20	22	41	18
Thu Jun 25 12:59:41 2020	1593082781	17	24	42	24
Thu Jun 25 12:59:35 2020	1593082775	17	24	42	20
Thu Jun 25 12:59:35 2020	1593082775	17	25	42	20
Thu Jun 25 12:59:38 2020	1593082778	19	24	42	23
Thu Jun 25 12:59:38 2020	1593082778	12	30	42	13
Thu Jun 25 12:59:39 2020	1593082779	12	30	42	30
Thu Jun 25 12:59:41 2020	1593082781	10	33	42	18
Thu Jun 25 12:59:40 2020	1593082780	17	26	42	25
Thu Jun 25 12:59:39 2020	1593082779	11	31	42	31
Thu Jun 25 12:59:39 2020	1593082779	23	20	43	20
Thu Jun 25 12:59:36 2020	1593082776	24	19	43	19
Thu Jun 25 12:59:35 2020	1593082775	13	30	43	20
Thu Jun 25 12:59:40 2020	1593082780	32	11	43	9
Thu Jun 25 12:59:38 2020	1593082778	16	27	43	15
Thu Jun 25 12:59:36 2020	1593082776	25	19	44	19
Thu Jun 25 12:59:41 2020	1593082781	5	39	44	33
Thu Jun 25 12:59:35 2020	1593082775	18	26	44	22
Thu Jun 25 12:59:41 2020	1593082781	12	32	44	29
Thu Jun 25 12:59:41 2020	1593082781	16	28	44	25
Thu Jun 25 12:59:36 2020	1593082776	16	29	45	12
Thu Jun 25 12:59:41 2020	1593082781	10	35	45	11
Thu Jun 25 12:59:40 2020	1593082780	32	14	46	11
Thu Jun 25 12:59:40 2020	1593082780	30	16	46	10
Thu Jun 25 12:59:40 2020	1593082780	14	32	46	11
Thu Jun 25 12:59:41 2020	1593082781	8	38	46	13
Thu Jun 25 12:59:38 2020	1593082778	5	41	46	41
Thu Jun 25 12:59:35 2020	1593082775	15	31	47	24
Thu Jun 25 12:59:35 2020	1593082775	20	27	47	27
Thu Jun 25 12:59:35 2020	1593082775	17	30	47	18
Thu Jun 25 12:59:38 2020	1593082778	32	15	47	15
Thu Jun 25 12:59:38 2020	1593082778	37	10	47	10
Thu Jun 25 12:59:41 2020	1593082781	10	38	48	8
Thu Jun 25 12:59:41 2020	1593082781	9	40	49	11
Thu Jun 25 12:59:38 2020	1593082778	24	25	49	18
Thu Jun 25 12:59:39 2020	1593082779	25	23	49	23
Thu Jun 25 12:59:41 2020	1593082781	5	44	49	14
Thu Jun 25 12:59:37 2020	1593082777	25	27	52	27
Thu Jun 25 12:59:40 2020	1593082780	10	43	53	32
Thu Jun 25 12:59:40 2020	1593082780	15	38	53	21
Thu Jun 25 12:59:41 2020	1593082781	34	20	54	20
Thu Jun 25 12:59:35 2020	1593082775	37	17	54	17
Thu Jun 25 12:59:41 2020	1593082781	12	43	55	25
Thu Jun 25 12:59:38 2020	1593082778	45	15	60	14
Thu Jun 25 12:59:38 2020	1593082778	14	46	60	45
Thu Jun 25 12:59:35 2020	1593082775	17	43	60	43
Thu Jun 25 12:59:35 2020	1593082775	47	14	60	14
Thu Jun 25 12:59:35 2020	1593082775	18	43	61	41
Thu Jun 25 12:59:35 2020	1593082775	15	46	62	44
Thu Jun 25 12:59:40 2020	1593082780	5	64	68	64
Thu Jun 25 12:59:40 2020	1593082780	10	70	79	9
Thu Jun 25 12:59:40 2020	1593082780	11	70	81	13
Thu Jun 25 12:59:40 2020	1593082780	13	70	83	11
Thu Jun 25 12:59:40 2020	1593082780	6	79	84	78
Thu Jun 25 12:59:35 2020	1593082775	298	27	326	20
Thu Jun 25 12:59:41 2020	1593082781	143	187	330	167
Thu Jun 25 12:59:41 2020	1593082781	143	277	420	210
Thu Jun 25 12:59:36 2020	1593082776	22	402	424	401
Thu Jun 25 12:59:36 2020	1593082776	1026	23	1049	23
Thu Jun 25 12:59:36 2020	1593082776	1028	22	1050	21
Thu Jun 25 12:59:36 2020	1593082776	1028	21	1050	21
Thu Jun 25 12:59:36 2020	1593082776	1034	30	1064	30
